id;Nombre;Direccion;Localidad;Telefono
1;Facultad de Ingenieria;Av. Libertador General San Martin 1109 (O) ;Capital, San Juan;0264-4222074 - 4222643 
2;Facultad de Arquitectura Urbanismo y Disenio;"Domicilio: Av. Ignacio de la Roza 590 (O), Complejo Universitario ""Islas Malvinas""";Rivadavia, San Juan;0264-232395 - 4233259 - 4260104 - 4260105
3;Facultad de ciencias Exactas Fisicas y Naturales;"Domicilio: Av. Ignacio de la Roza 590 (O), Complejo Universitario ""Islas Malvinas""";Rivadavia, San Juan;0264-4260353 4260355 - 4260394 - 4264721
4;Facultad de Ciencias Sociales;"Domicilio: Av. Ignacio de la Roza 590 (O), Complejo Universitario ""Islas Malvinas""";Rivadavia, San Juan;0264-24231949 - 4230314 - 4232516
5;Facultad de Filosofia Humanidades y Artes;Domicilio: Av. Ignacio de la Roza 230 (O);Capital, San Juan;0264-4222074 - 4222643
6;Escuela Universitaria de Ciencias de la Salud;;;
